id,first_name,last_name,country,city,street,housenumber,date_of_birth,tax_id
1427,Daniel,Lane,Jordan,Jarash,Nelson Trail,5,1981-04-19,606392090
1570,Heather,Morrison,Philippines,Hinlayagan Ilaud,Victoria Plaza,6,1967-11-24,417515331
1965,Teresa,Mills,Armenia,Saratak,Alpine Hill,1,1963-12-04,695173048
1122,Judith,Grant,Ukraine,Youdunjie,Roth Junction,6,1966-10-12,430983044
2089,Jack,Price,Nigeria,Yola,Nevada Hill,4,1966-07-09,975791247
1838,Brenda,Rivera,Indonesia,Girihieum,Acker Center,428,1935-01-14,946234197
1882,Carlos,Rodriguez,Tunisia,Tajerouine,Mcguire Point,7,1978-10-10,530891550
1674,Jesse,Perez,Indonesia,Cangkuang,Holmberg Parkway,5434,1951-06-26,403199834
1652,Cynthia,Hart,Sweden,Skene,Eliot Terrace,78994,1947-05-15,646019179
1858,Scott,Willis,Sweden,Solna,Union Street,4,1938-10-18,874469650
1992,Harry,Snyder,China,Zall-Herr,Golden Leaf Plaza,19,1980-09-26,851342915
1613,Katherine,Ellis,Philippines,Hats’avan,Sachs Drive,715,1953-02-22,693751463
1795,Christine,Alvarez,Nigeria,Samannūd,Hintze Center,93,1953-01-12,911042963
1532,Brandon,Williams,Philippines,Gandara,Chinook Hill,1,1946-01-16,236588242
1371,Robert,Elliott,Brazil,Sacramento,Bluejay Parkway,81,1934-10-14,343550540
1571,Gary,Vasquez,Czech Republic,Zlechov,Muir Pass,74149,1946-09-29,668640363
1776,Justin,Hart,Indonesia,Daytona Beach,Eagan Parkway,653,1987-04-11,587021259
1497,John,Henry,Ireland,Xiakou,Old Gate Road,6,1934-03-29,240969912
1747,Barbara,Howard,Spain,Castellon De La Plana/Castello De La Pla,Rowland Hill,4,1991-06-11,963837932
1512,Laura,Johnston,China,Ḩājī Khēl,Texas Lane,1,1948-06-26,310029394
1868,Helen,Wheeler,Serbia,Kraljevo,Lakewood Gardens Hill,3284,1959-08-18,207700983
1523,Paula,Cooper,China,Bella Vista,Sheridan Road,907,1938-04-12,832432437
1754,Paula,Kelley,Venezuela,Osnabrück,Helena Road,1,1974-10-07,540195304
1836,Charles,Gonzalez,China,Itagibá,Manitowish Trail,398,1975-12-20,749302983
1589,Jimmy,Moreno,China,Hejia,Gateway Street,43,1934-04-02,983833196
1804,Virginia,Thomas,Russia,Plast,Thackeray Park,6290,1939-04-21,461798279
1723,Jimmy,Fisher,China,Huanghuai,Northland Trail,6210,1988-08-23,447697393
1359,Fred,Nguyen,China,Huanglong,Namekagon Hill,6016,1938-11-27,782464700
1977,Phillip,Mason,Ukraine,Soledar,Nobel Center,4958,1948-06-09,915208477
1345,Gregory,Brown,France,San Lucas,Drewry Way,6,1954-08-04,568834159
1634,Louise,Cruz,Czech Republic,Stráž nad Nisou,Ridgeview Way,46,1955-04-12,863270549
2063,Carol,Foster,Indonesia,Ljubovija,Donald Pass,79806,1990-03-08,601180747
1686,Kimberly,Patterson,Indonesia,Banjar Batanpoh,7th Center,8937,1995-04-02,126524803
2033,Evelyn,Arnold,Ethiopia,Tieremu,Carioca Place,22,1948-05-12,538867514
2042,Helen,King,Mongolia,Jargalant,Anniversary Street,4060,1968-06-16,586901589
1374,Jack,Garrett,Kenya,Wajir,Sage Trail,49,1967-07-06,240286358
1524,Annie,Sanders,Egypt,Hurghada,Harbort Drive,32,1957-09-02,755052927
1635,Todd,Chavez,Syria,كاف الجاع,Debs Terrace,14030,1958-01-01,161648364
2050,Theresa,Mccoy,Iran,Langarūd,Wayridge Street,653,1959-09-23,989068775
1469,Heather,Patterson,China,Renliu,Westport Terrace,774,1951-11-13,551572405
1509,Doris,Morrison,Mexico,Fovissste,Anthes Hill,20258,1987-10-07,325232118
1789,Angela,Shaw,Indonesia,Boise,2nd Place,28805,1936-03-19,969199660
1865,Deborah,Bradley,Indonesia,Gingsir,Fuller Plaza,37663,1946-03-22,668298916
1355,Gregory,Wells,China,Huangjingba,Heffernan Terrace,20,1933-04-12,970320814
2081,Heather,Hicks,France,Montpellier,Fulton Circle,2549,1993-01-15,602071424
1600,Lawrence,Henry,Estonia,Räpina,Bayside Junction,0,1994-01-26,293453436
1336,Louise,Mills,Angola,Longonjo,Shoshone Avenue,41,1986-09-15,276091820
2043,Peter,Campbell,Japan,Pidigan,Hoard Crossing,14,1982-01-07,570904371
1970,Christopher,James,Poland,Sarnaki,Hovde Point,7992,1944-05-05,682602391
1130,Raymond,Martinez,Russia,Volokonovka,Redwing Center,4,1991-06-29,822088505
1952,Helen,Bryant,Equatorial Guinea,Río Campo,Moulton Parkway,88,1930-11-05,813291555
1832,Carlos,Simpson,France,Nîmes,Oriole Place,81380,1996-12-15,779854356
1640,Ruth,Rice,Swaziland,Tshaneni,Brentwood Parkway,79,1953-12-09,342260459
1962,Dennis,Greene,Brazil,Pilar,Maryland Alley,1,1996-09-05,540576181
1305,Johnny,Richardson,United States,Oklahoma City,Monterey Alley,58,1931-08-06,240286358
1730,Larry,Shaw,France,Sarrebourg,Crowley Way,6200,1990-03-03,612415050
2109,Philip,Daniels,Madagascar,Faratsiho,Mcguire Point,6364,1959-12-07,607020598
1201,Sharon,Lane,Netherlands,Katwijk,Spaight Pass,13711,1977-03-07,942805393
2009,Lois,Cox,Argentina,Arroyo Seco,Little Fleur Lane,34,1964-01-09,854030314
2060,Ryan,Morales,Philippines,Ponong,Village Avenue,3,1979-10-15,623015049
2029,Carol,Armstrong,China,Jianguo,Village Green Hill,6,1948-12-23,677520971
1886,Jose,Parker,Philippines,Svetogorsk,Meadow Valley Avenue,90279,1962-09-16,392454935
1994,Ronald,Jordan,Brazil,Amargosa,Caliangt Alley,954,1937-02-09,749672502
1313,Sarah,Wagner,Indonesia,Manggissari,Commercial Avenue,94625,1959-05-21,270012195
1506,Todd,Bennett,Mali,Kokofata,Blackbird Alley,11770,1966-05-28,947019160
1866,Deborah,Lane,Indonesia,Kasreman Wetan,Division Place,5,1986-04-04,237674886
1140,Patricia,Scott,Indonesia,Houston,Lukken Way,3,1995-12-28,109990187
1863,Virginia,Fisher,Indonesia,Paninggaran,Tennyson Drive,3,1931-10-30,603308812
1215,Susan,Stephens,Indonesia,Chao,Sachs Terrace,94,1965-06-21,439792448
1118,Marie,Young,Japan,Cayang,Harper Hill,52,1964-07-07,298846455
1474,Heather,Gomez,Japan,Niitsu-honchō,Packers Alley,0,1990-04-28,958708126
2040,Jose,Mills,Russia,Belgorod,North Terrace,2833,1944-08-15,327049003
1437,Kelly,Stevens,Russia,Semënovskoye,Spaight Trail,64,1960-08-29,463849152
1396,Terry,Long,Mongolia,Höviyn Am,Sullivan Avenue,2,1986-07-17,900692865
1874,Michelle,Gordon,Pakistan,Bhawāna,Melby Parkway,9,1963-10-29,667188137
1725,Gregory,Burke,Ukraine,Krasnosilka,Westridge Junction,7039,1952-04-02,785608016
1905,Judith,Campbell,Poland,Radymno,Clarendon Court,8519,1967-02-12,179980711
1142,Jason,Banks,Indonesia,Viradouro,Oak Valley Place,1417,1961-07-06,797966175
1827,Steven,Mason,Slovenia,Ribnica na Pohorju,Southridge Center,84,1972-08-01,916463444
1767,Cynthia,Kelley,China,Gunan,Vahlen Circle,5062,1933-05-07,505225900
1919,Paula,Jacobs,Argentina,Mattaldi,Morning Drive,270,1969-04-29,677538996
1439,Lillian,Perkins,Israel,Ramat HaSharon,Bluestem Avenue,311,1996-08-07,539811826
1441,David,Murphy,Sri Lanka,Kadugannawa,Del Sol Way,5915,1938-07-12,845180800
2075,Joan,Black,Greece,Athens,Debs Court,53,1970-07-29,101850549
1585,Alice,Scott,Argentina,Santiago del Estero,Dapin Center,79,1942-08-13,337206763
1854,Ann,Ruiz,Indonesia,Sukadana,7th Park,73,1969-12-31,294847801
1651,Pamela,Bell,China,Yandun,Doe Crossing Terrace,6625,1989-04-15,579038342
1354,David,Ross,United States,Houston,North Road,9132,1974-11-29,747107916
1696,Elizabeth,Andrews,Russia,Anmore,Crowley Parkway,954,1966-11-26,213601066
2062,Bobby,Armstrong,Brazil,Miguelópolis,Anthes Hill,7,1949-12-07,517115144
1647,Marie,Ray,Poland,Przesmyki,Alpine Drive,45,1979-07-20,110745128
1113,Carolyn,Patterson,Brazil,Corumbá,Northridge Plaza,1,1989-07-14,787254373
1364,Aaron,Grant,China,Baiquan,Meadow Ridge Circle,52,1959-03-09,667188137
2064,Virginia,Gibson,Sweden,Stockholm,Nancy Lane,5,1943-10-01,591373995
1574,Julie,Campbell,Russia,Bandong,Linden Terrace,179,1969-12-31,240765103
1856,Gregory,Gomez,Germany,Osnabrück,Riverside Crossing,197,1965-09-24,748397792
1552,Wayne,Ryan,China,Langjun,Sherman Plaza,4288,1933-11-26,441706048
2102,Edward,Black,Sweden,Stockholm,Lakeland Circle,319,1974-09-11,542974132
1507,Martin,Wright,Philippines,Biasong,Vermont Circle,5,1958-08-14,505058321
1906,Kathy,Castillo,France,Golbey,Donald Road,35718,1939-10-17,504592785
